name	location	gender_gold	gender_sexmachine	gender_genderize	gender_gendre
Nda	Pontianak	F	andy	female	female
Lapetitefilleaparis	Paris	F	andy	None	None
LahSavage187	None	M	andy	None	None
NORTH	None	M	andy	male	male
rachaelMUFC 	dublin	F	andy	None	None
cuss	Insta; notkssy	F	andy	None	None
Zoie Gillespie	vidalia, louisiana	F	male	female	female
Taylor Kitchen	None	F	mostly_male	female	female
A.	Keep checking for me	F	andy	None	None
ANIDA	indonesia	F	andy	female	female
Mikey	GA	M	andy	male	male
ROBIN	Patiala/Chandigarh	M	andy	female	female
May Natha	None	F	female	female	female
Mitzi Flyte	PA	F	female	female	female
SuperSic58	None	F	andy	None	None
Bekah Mastin	Australia	M	andy	female	female
James Currie	Belfast, Northern Ireland. 	M	male	male	male
Dea Nanda	None	F	female	female	female
Mayang	India	F	andy	female	female
Frank Braswell	Indiana	M	male	male	male
Aureo Antunes	-22.732868,-45.58217	M	male	None	None
HER.	New Orleans	F	andy	None	None
Dorinda A.	Alberta Rockies!! 	F	female	female	female
DatDarnDiva21	None	F	andy	None	None
Mary A.	None	F	mostly_female	female	female
Princess Rachel	 THS class of '15 	F	female	female	female
Munira Kutub	 Chennai, TN, India.	F	female	female	female
Muhammad Junaid	Lahore | Karachi | New Delhi	M	male	male	male
Lauren Riedeman	None	F	mostly_female	female	female
Nikki Trotter	Charlotte, North Carolina	F	female	female	female
Adrian Hitchins	London	M	male	male	male
11/15	None	F	andy	None	None
HalfBaked Cookie	None	F	andy	None	None
keamhetsi	rotherham (next to sheff)	M	andy	None	None
Nicholas Cheng	singapore	M	male	male	male
Czarinna Julienne 	None	F	andy	None	None
A.	None	F	andy	None	None
michelle convoy	norfolk	F	andy	female	female
Your Ex Girlfriend	I'm Outchea 	F	andy	None	None
Bebeeet	None	F	andy	None	None
Being Mikey Jay	Made in China.	M	andy	male	male
George Hoffmann	None	M	male	male	male
Kevin Alday	I'm in Manila bitch	M	male	male	male
Iury Mattos	None	M	andy	male	male
Deborahann Mclean	Scotland	F	andy	female	female
Kk	None	F	andy	female	female
Will Reading	Northamptonshire	M	mostly_male	male	male
abigail gracella	24/7 	F	andy	female	female
Randy avon	T: -6.251269,106.793647	M	mostly_male	male	male
Angel Ines	None	F	male	male	male
Perfectly Imperfect	Fayetteville,NCAtlanta,GA	F	andy	None	None
Gotti.	None	F	andy	None	None
Ariel Almeida	Brasil-SP	M	male	male	male
Kyee West (8.o3)	.. . 	F	andy	female	female
Davian Jones 	None	F	andy	male	male
Priscillaa___	South Houston ,Texas	F	andy	None	None
Queen Ashhh	02118	F	female	female	female
Shelby Wade	None	F	mostly_female	female	female
 Duckiee  	 Heart	F	andy	None	None
Annie Heckenberger	Philly	F	female	female	female
Callmegoncalo	London Town	M	andy	None	None
Ysa	Bicol/MNL	F	andy	female	female
Mardatillah S Fasa	Mataram	M	andy	None	None
TasteLikeCandie	Where ever u can find me	F	andy	None	None
Alice Choo	KL, Malaysia	F	female	female	female
adeline 	'o' levels bye	F	andy	female	female
Vinayak Mahadevan	Kuala Lumpur	M	andy	male	male
Sara	None	F	female	female	female
I.G	mykeTUNEs Pro	M	andy	None	None
Ellen	Somewhere	F	female	female	female
Matthew Avalos	Santa Barbara	M	male	male	male
Shiela 	Manila	F	female	female	female
 A R I 	World	F	andy	male	male
Ajoke Ajimobi	CA	F	andy	None	None
Vikki Jones	Darwen, Lancashire, England	F	female	female	female
Adam	Manhattan 	M	male	male	male
Steele AHheem	New York	M	andy	female	female
Susan Easton	Leicester	F	female	female	female
